기간,자치구,동,전체세대수,1인세대,2인세대,3인세대,4인세대,5인세대,6인세대,7인세대,8인세대,9인세대,10인세대이상
2021.3/4,종로구,사직동,"4,697","2,361",947,702,513,121,32,16,2,0,3
2021.3/4,종로구,삼청동,"1,253",641,257,164,136,36,14,5,0,0,0
2021.3/4,종로구,부암동,"4,285","1,699",992,762,609,163,41,13,2,1,3
2021.3/4,종로구,평창동,"7,472","2,420","1,811","1,490","1,283",357,75,19,12,4,1
2021.3/4,종로구,무악동,"3,072",690,729,740,699,174,25,13,0,1,1
2021.3/4,종로구,교남동,"4,450","1,638","1,068",905,666,133,31,6,2,1,0
2021.3/4,종로구,가회동,"2,015",939,444,323,223,57,21,5,2,0,1
2021.3/4,종로구,종로1.2.3.4가동,"5,242","4,181",522,283,192,45,14,4,1,0,0
2021.3/4,종로구,종로5·6가동,"3,400","2,424",495,263,170,40,6,2,0,0,0
2021.3/4,종로구,이화동,"4,305","2,701",751,442,308,80,13,8,1,1,0
2021.3/4,종로구,창신1동,"2,851","1,709",569,302,190,60,17,4,0,0,0
2021.3/4,종로구,창신2동,"4,049","1,983",952,548,414,123,22,5,2,0,0
2021.3/4,종로구,창신3동,"2,817",923,706,619,403,136,28,0,2,0,0
2021.3/4,종로구,숭인1동,"2,970","1,447",678,431,311,79,22,2,0,0,0
2021.3/4,종로구,숭인2동,"6,234","4,331",958,500,345,81,15,4,0,0,0
2021.3/4,종로구,청운효자동,"5,255","2,012","1,158","1,021",796,196,49,15,6,2,0
2021.3/4,종로구,혜화동,"9,285","5,674","1,482","1,032",817,199,54,19,5,0,3
2021.3/4,중구,소공동,"1,280",773,234,178,75,12,4,2,0,1,1
2021.3/4,중구,회현동,"2,782","1,721",464,291,226,57,13,8,1,1,0
2021.3/4,중구,명동,"1,532","1,069",226,125,79,20,5,3,2,0,3
2021.3/4,중구,필동,"2,501","1,680",394,231,137,48,8,1,1,0,1
2021.3/4,중구,장충동,"2,739","1,777",449,242,192,56,18,1,1,0,3
2021.3/4,중구,광희동,"3,337","2,286",542,292,153,44,17,1,1,0,1
2021.3/4,중구,을지로동,"1,345","1,095",154,52,31,10,2,1,0,0,0
2021.3/4,중구,신당5동,"5,359","2,707","1,208",739,538,130,28,5,3,1,0
2021.3/4,중구,황학동,"6,933","3,839","1,530",883,522,122,27,7,1,1,1
2021.3/4,중구,중림동,"5,672","2,423","1,281","1,022",740,158,34,12,2,0,0
2021.3/4,중구,신당동,"4,679","3,007",868,442,270,69,17,5,1,0,0
2021.3/4,중구,다산동,"6,895","3,216","1,672","1,032",753,168,37,12,3,0,2
2021.3/4,중구,약수동,"7,847","3,090","2,143","1,423",908,210,59,8,2,0,4
2021.3/4,중구,청구동,"6,270","2,481","1,616","1,106",820,186,52,5,2,2,0
2021.3/4,중구,동화동,"4,096","1,152","1,046",868,754,202,54,15,4,0,1
2021.3/4,용산구,후암동,"8,434","4,140","1,836","1,270",877,236,45,16,6,4,4
2021.3/4,용산구,용산2가동,"5,248","2,865","1,199",658,397,106,17,5,1,0,0
2021.3/4,용산구,남영동,"5,171","3,973",613,292,225,46,15,6,0,0,1
2021.3/4,용산구,원효로2동,"5,963","2,214","1,335","1,169",952,211,59,13,4,2,4
2021.3/4,용산구,효창동,"4,389","1,612","1,054",829,667,166,47,10,1,1,2
2021.3/4,용산구,용문동,"5,363","2,046","1,330","1,030",731,173,41,7,3,2,0
2021.3/4,용산구,이촌1동,"9,693","2,110","2,297","2,439","2,202",485,110,35,11,3,1
2021.3/4,용산구,이촌2동,"3,707","1,297","1,025",739,476,133,24,10,3,0,0
2021.3/4,용산구,이태원1동,"3,635","2,079",773,447,245,64,21,4,0,0,2
2021.3/4,용산구,이태원2동,"4,928","2,679","1,090",644,373,102,30,7,1,1,1
2021.3/4,용산구,서빙고동,"5,308","1,780","1,171",948,"1,022",314,59,12,1,0,1
2021.3/4,용산구,보광동,"7,480","4,100","1,664",949,593,137,33,3,1,0,0
2021.3/4,용산구,청파동,"11,051","6,680","2,079","1,168",834,223,48,12,2,1,4
2021.3/4,용산구,원효로1동,"8,086","4,033","1,694","1,212",923,177,35,5,4,2,1
2021.3/4,용산구,한강로동,"11,704","6,321","2,468","1,571","1,054",206,56,17,7,2,2
2021.3/4,용산구,한남동,"11,017","5,991","2,325","1,435",922,252,67,15,7,2,1
2021.3/4,성동구,왕십리2동,"7,433","2,909","1,737","1,420","1,064",218,68,11,5,0,1
2021.3/4,성동구,마장동,"10,959","5,171","2,382","1,654","1,356",292,75,15,10,2,2
2021.3/4,성동구,사근동,"8,000","5,866","1,007",548,438,116,17,8,0,0,0
2021.3/4,성동구,행당1동,"6,444","2,713","1,406","1,193",893,188,35,12,2,1,1
2021.3/4,성동구,행당2동,"9,268","2,361","2,455","2,200","1,814",328,79,23,5,2,1
2021.3/4,성동구,응봉동,"6,087","1,651","1,434","1,442","1,235",256,50,10,7,1,1
2021.3/4,성동구,금호1가동,"6,600","2,194","1,682","1,426","1,029",213,46,10,0,0,0
2021.3/4,성동구,금호4가동,"6,380","2,276","1,609","1,374",911,161,32,13,4,0,0
2021.3/4,성동구,성수1가1동,"7,807","3,372","1,768","1,299","1,098",212,47,6,4,1,0
2021.3/4,성동구,성수1가2동,"6,189","2,832","1,374","1,015",758,166,35,6,2,1,0
2021.3/4,성동구,성수2가1동,"8,211","4,114","1,792","1,223",863,166,40,9,3,1,0
2021.3/4,성동구,성수2가3동,"5,637","2,973","1,125",744,589,150,40,12,2,0,2
2021.3/4,성동구,송정동,"5,595","2,977","1,176",752,521,135,27,6,0,1,0
2021.3/4,성동구,용답동,"7,099","4,564","1,233",687,473,105,27,8,0,1,1
2021.3/4,성동구,왕십리도선동,"11,875","4,736","2,531","2,277","1,859",352,82,25,10,2,1
2021.3/4,성동구,금호2.3가동,"10,111","3,623","2,608","2,078","1,424",298,56,21,2,0,1
2021.3/4,성동구,옥수동,"10,925","3,222","2,965","2,552","1,713",376,72,19,4,2,0
2021.3/4,광진구,화양동,"17,610","14,301","1,983",709,496,86,25,8,1,0,1
2021.3/4,광진구,군자동,"11,306","6,793","2,083","1,313",866,183,50,13,3,1,1
2021.3/4,광진구,중곡1동,"8,363","4,410","1,910","1,092",743,159,38,8,2,1,0
2021.3/4,광진구,중곡2동,"10,637","4,905","2,543","1,649","1,185",281,55,12,5,2,0
2021.3/4,광진구,중곡3동,"8,466","4,247","1,996","1,160",836,189,28,8,2,0,0
2021.3/4,광진구,중곡4동,"13,167","5,179","3,281","2,481","1,719",387,92,21,4,2,1
2021.3/4,광진구,능동,"6,410","3,719","1,308",728,495,114,37,7,2,0,0
2021.3/4,광진구,구의1동,"12,146","6,998","2,449","1,419",982,232,50,11,2,0,3
2021.3/4,광진구,구의2동,"11,593","4,258","2,741","2,209","1,849",409,89,30,4,0,4
2021.3/4,광진구,구의3동,"12,095","4,203","2,650","2,455","2,234",437,82,25,7,1,1
2021.3/4,광진구,광장동,"11,953","2,276","2,075","3,068","3,709",640,148,25,7,2,3
2021.3/4,광진구,자양1동,"11,907","6,355","2,499","1,578","1,151",267,45,5,5,1,1
2021.3/4,광진구,자양2동,"11,042","4,181","2,627","2,115","1,661",349,82,24,2,0,1
2021.3/4,광진구,자양3동,"11,107","3,136","2,598","2,414","2,400",418,97,33,6,4,1
2021.3/4,광진구,자양4동,"9,636","5,307","2,045","1,248",805,177,40,11,2,0,1
2021.3/4,동대문구,회기동,"6,533","4,451",930,557,451,111,25,5,2,1,0
2021.3/4,동대문구,휘경1동,"7,438","4,259","1,303",899,754,174,36,12,1,0,0
2021.3/4,동대문구,휘경2동,"12,124","6,198","2,228","1,763","1,499",345,73,12,5,0,1
2021.3/4,동대문구,청량리동,"9,684","4,776","2,237","1,408",944,250,58,8,3,0,0
2021.3/4,동대문구,용신동,"18,585","11,832","3,255","1,863","1,246",298,71,14,6,0,0
2021.3/4,동대문구,제기동,"13,440","7,499","2,724","1,634","1,168",314,79,16,2,3,1
2021.3/4,동대문구,전농1동,"14,918","7,437","3,140","2,264","1,613",372,60,22,6,2,2
2021.3/4,동대문구,전농2동,"7,651","2,293","1,953","1,617","1,365",336,72,10,4,0,1
2021.3/4,동대문구,답십리2동,"12,669","4,660","3,221","2,424","1,825",415,98,19,6,1,0
2021.3/4,동대문구,장안1동,"18,310","8,171","4,159","3,034","2,251",563,100,25,5,2,0
2021.3/4,동대문구,장안2동,"14,007","5,031","3,199","2,816","2,328",479,116,31,4,2,1
2021.3/4,동대문구,이문1동,"10,431","6,479","1,760","1,052",877,194,47,15,3,3,1
2021.3/4,동대문구,이문2동,"8,728","3,231","2,058","1,618","1,395",329,70,21,3,2,1
2021.3/4,동대문구,답십리1동,"13,073","5,284","2,804","2,514","1,901",450,87,22,8,2,1
2021.3/4,중랑구,면목2동,"12,160","5,809","2,808","1,871","1,312",293,53,10,4,0,0
2021.3/4,중랑구,면목4동,"9,148","3,919","2,265","1,568","1,083",246,50,16,0,1,0
2021.3/4,중랑구,면목5동,"6,455","2,238","1,644","1,361",963,212,27,10,0,0,0
2021.3/4,중랑구,면목7동,"10,625","4,681","2,651","1,757","1,217",249,58,7,5,0,0
2021.3/4,중랑구,상봉1동,"10,291","3,354","2,569","2,186","1,784",317,63,13,4,1,0
2021.3/4,중랑구,상봉2동,"12,248","7,535","2,489","1,306",716,157,34,9,2,0,0
2021.3/4,중랑구,중화1동,"9,113","3,560","2,365","1,661","1,200",266,42,15,3,1,0
2021.3/4,중랑구,중화2동,"13,669","7,320","3,127","1,787","1,126",245,47,10,3,3,1
2021.3/4,중랑구,묵1동,"14,849","5,256","3,526","2,870","2,444",590,120,35,4,4,0
2021.3/4,중랑구,묵2동,"9,300","4,177","2,300","1,509","1,008",245,52,5,1,2,1
2021.3/4,중랑구,망우3동,"8,248","3,846","1,993","1,323",844,188,45,7,1,1,0
2021.3/4,중랑구,신내1동,"14,606","3,711","3,680","3,016","3,083",890,170,44,8,2,2
2021.3/4,중랑구,신내2동,"9,037","3,112","2,390","1,833","1,372",266,49,9,5,0,1
2021.3/4,중랑구,면목본동,"17,723","8,977","4,126","2,518","1,649",362,69,17,3,1,1
2021.3/4,중랑구,면목3.8동,"12,698","6,029","3,137","1,900","1,304",249,63,14,1,1,0
2021.3/4,중랑구,망우본동,"15,327","7,182","3,447","2,421","1,746",432,75,19,4,0,1
2021.3/4,성북구,돈암1동,"6,122","1,831","1,673","1,270","1,051",227,57,9,1,2,1
2021.3/4,성북구,돈암2동,"8,624","1,768","1,953","2,170","2,112",473,102,32,10,1,3
2021.3/4,성북구,안암동,"9,396","6,405","1,412",803,624,117,28,4,1,0,2
2021.3/4,성북구,보문동,"7,724","3,797","1,616","1,187",877,207,28,7,3,1,1
2021.3/4,성북구,정릉1동,"7,377","2,250","1,689","1,649","1,388",305,72,18,1,2,3
2021.3/4,성북구,정릉2동,"9,865","3,335","2,518","1,975","1,578",340,83,25,7,3,1
2021.3/4,성북구,정릉3동,"7,878","4,307","1,621",984,735,172,41,11,1,2,4
2021.3/4,성북구,정릉4동,"10,853","3,824","2,742","2,128","1,645",398,84,19,10,2,1
2021.3/4,성북구,길음1동,"12,555","2,521","2,534","3,103","3,544",691,127,19,8,2,6
2021.3/4,성북구,길음2동,"6,908","2,293","1,542","1,458","1,287",262,56,8,1,1,0
2021.3/4,성북구,월곡1동,"10,839","3,366","2,636","2,240","2,016",454,98,23,4,1,1
2021.3/4,성북구,월곡2동,"9,644","4,663","2,034","1,439","1,138",280,68,8,11,2,1
2021.3/4,성북구,장위1동,"10,739","3,991","2,607","1,997","1,660",385,71,21,5,2,0
2021.3/4,성북구,장위2동,"6,692","2,911","1,739","1,099",691,192,50,9,0,1,0
2021.3/4,성북구,장위3동,"6,541","2,109","1,388","1,425","1,280",274,50,12,2,1,0
2021.3/4,성북구,성북동,"8,234","4,014","1,829","1,188",873,235,68,14,8,0,5
2021.3/4,성북구,삼선동,"11,559","5,836","2,340","1,575","1,401",312,71,18,4,1,1
2021.3/4,성북구,동선동,"9,513","6,297","1,508",897,607,161,30,8,4,0,1
2021.3/4,성북구,종암동,"17,188","6,635","3,856","3,131","2,777",630,120,28,9,1,1
2021.3/4,성북구,석관동,"16,848","7,232","4,143","2,930","1,965",460,87,26,4,0,1
2021.3/4,강북구,번1동,"10,278","5,729","2,217","1,277",851,161,36,6,1,0,0
2021.3/4,강북구,번2동,"7,595","3,077","2,135","1,299",816,207,49,9,1,0,2
2021.3/4,강북구,번3동,"7,499","2,486","2,256","1,420","1,016",255,56,9,0,1,0
2021.3/4,강북구,수유1동,"10,341","4,891","2,493","1,587","1,020",267,61,12,2,3,5
2021.3/4,강북구,수유2동,"9,842","3,816","2,649","1,784","1,195",313,61,16,3,4,1
2021.3/4,강북구,수유3동,"12,949","7,362","2,690","1,622",966,248,46,7,5,2,1
2021.3/4,강북구,삼양동,"11,164","4,659","2,774","1,910","1,375",354,71,12,5,3,1
2021.3/4,강북구,미아동,"11,710","6,320","2,528","1,556","1,003",245,45,8,3,1,1
2021.3/4,강북구,송중동,"14,006","6,075","3,371","2,314","1,744",386,85,24,3,1,3
2021.3/4,강북구,송천동,"13,583","6,503","3,332","2,015","1,362",303,52,11,2,1,2
2021.3/4,강북구,삼각산동,"11,550","2,615","2,580","2,758","2,857",590,115,27,8,0,0
2021.3/4,강북구,우이동,"9,586","3,772","2,622","1,656","1,172",285,61,11,5,1,1
2021.3/4,강북구,인수동,"14,470","5,978","3,788","2,522","1,653",405,98,22,1,1,2
2021.3/4,도봉구,쌍문1동,"9,398","3,303","2,488","1,864","1,286",354,79,19,3,2,0
2021.3/4,도봉구,쌍문2동,"8,577","3,258","2,301","1,578","1,107",266,50,11,3,1,2
2021.3/4,도봉구,쌍문3동,"7,840","3,298","1,936","1,393",943,224,36,9,1,0,0
2021.3/4,도봉구,쌍문4동,"7,103","1,645","1,739","1,708","1,642",309,52,6,2,0,0
2021.3/4,도봉구,방학1동,"12,908","4,992","3,174","2,295","1,843",476,100,17,6,2,3
2021.3/4,도봉구,방학2동,"9,375","3,918","2,437","1,608","1,062",285,48,12,3,2,0
2021.3/4,도봉구,방학3동,"10,008","1,989","2,610","2,458","2,278",524,113,27,6,3,0
2021.3/4,도봉구,창1동,"10,986","4,011","2,722","2,111","1,734",319,71,13,5,0,0
2021.3/4,도봉구,창2동,"12,590","4,223","3,359","2,556","1,873",443,92,32,7,5,0
2021.3/4,도봉구,창3동,"6,541","2,639","1,750","1,124",784,196,29,16,3,0,0
2021.3/4,도봉구,창4동,"10,753","3,158","2,537","2,409","2,131",420,74,14,8,1,1
2021.3/4,도봉구,창5동,"10,232","3,145","2,623","2,188","1,805",362,80,22,4,3,0
2021.3/4,도봉구,도봉1동,"10,357","4,507","2,769","1,717","1,023",256,64,15,5,1,0
2021.3/4,도봉구,도봉2동,"11,914","4,229","3,149","2,367","1,654",388,94,27,3,3,0
2021.3/4,노원구,월계1동,"10,288","4,571","2,242","1,678","1,392",342,47,14,2,0,0
2021.3/4,노원구,월계2동,"12,003","4,326","3,245","2,264","1,707",373,68,16,1,2,1
2021.3/4,노원구,월계3동,"12,964","4,198","3,588","2,727","1,913",417,97,17,5,1,1
2021.3/4,노원구,공릉2동,"16,438","5,989","3,356","3,157","3,176",604,116,27,7,5,1
2021.3/4,노원구,하계1동,"11,529","4,344","2,459","2,088","2,120",411,78,19,7,1,2
2021.3/4,노원구,하계2동,"8,238","1,831","1,925","1,970","2,066",380,52,10,2,2,0
2021.3/4,노원구,중계본동,"8,433","1,888","1,436","1,875","2,562",553,97,17,4,1,0
2021.3/4,노원구,중계1동,"8,994","1,457","1,461","2,365","3,144",490,57,12,7,1,0
2021.3/4,노원구,중계4동,"8,378","2,763","2,030","1,619","1,543",340,61,14,5,2,1
2021.3/4,노원구,상계1동,"15,577","4,691","3,958","3,255","2,815",686,131,27,9,1,4
2021.3/4,노원구,상계2동,"8,665","3,321","1,764","1,644","1,545",292,80,15,3,1,0
2021.3/4,노원구,상계5동,"10,915","4,150","2,825","2,036","1,476",331,73,18,3,1,2
2021.3/4,노원구,상계8동,"9,265","2,522","2,488","2,215","1,700",287,39,8,2,2,2
2021.3/4,노원구,상계9동,"8,420","2,323","2,258","1,948","1,557",275,44,11,2,2,0
2021.3/4,노원구,상계10동,"7,652","2,090","2,128","1,722","1,428",219,47,16,1,1,0
2021.3/4,노원구,상계3.4동,"12,036","4,744","3,083","2,063","1,621",411,80,22,10,2,0
2021.3/4,노원구,상계6.7동,"13,904","4,523","3,528","2,858","2,481",416,71,19,6,0,2
2021.3/4,노원구,중계2.3동,"15,319","5,353","4,148","2,970","2,344",424,64,13,1,1,1
2021.3/4,노원구,공릉1동,"18,251","8,799","3,815","2,804","2,242",459,106,19,3,3,1
2021.3/4,은평구,녹번동,"17,527","7,388","4,424","3,031","2,111",454,92,23,4,0,0
2021.3/4,은평구,불광1동,"17,708","6,858","4,540","3,315","2,320",526,113,28,7,1,0
2021.3/4,은평구,갈현1동,"10,920","4,915","2,658","1,794","1,197",285,55,12,3,1,0
2021.3/4,은평구,갈현2동,"12,666","4,696","3,215","2,422","1,796",423,93,12,5,2,2
2021.3/4,은평구,구산동,"13,334","4,463","3,404","2,670","2,107",538,113,26,7,1,5
2021.3/4,은평구,대조동,"14,511","7,780","3,170","1,889","1,291",279,82,11,6,2,1
2021.3/4,은평구,응암1동,"14,825","5,891","3,591","2,609","2,123",487,91,15,5,5,8
2021.3/4,은평구,응암2동,"11,064","3,243","2,659","2,560","2,043",438,86,22,9,1,3
2021.3/4,은평구,신사1동,"11,897","4,162","3,092","2,402","1,733",391,92,18,4,3,0
2021.3/4,은평구,신사2동,"9,006","3,297","2,265","1,704","1,347",298,76,13,5,0,1
2021.3/4,은평구,증산동,"6,802","2,611","1,753","1,196",938,246,42,14,2,0,0
2021.3/4,은평구,수색동,"4,897","1,674","1,272",957,750,186,48,7,3,0,0
2021.3/4,은평구,진관동,"21,528","6,414","4,459","4,202","4,689","1,362",331,55,11,2,3
2021.3/4,은평구,불광2동,"14,030","6,642","3,380","2,214","1,357",337,81,11,6,1,1
2021.3/4,은평구,응암3동,"12,571","6,061","3,050","1,847","1,207",320,60,18,7,0,1
2021.3/4,은평구,역촌동,"20,895","8,201","5,183","3,927","2,754",656,131,33,7,3,0
2021.3/4,서대문구,천연동,"7,764","3,091","1,812","1,438","1,128",232,48,10,3,1,1
2021.3/4,서대문구,홍제1동,"10,410","3,792","2,553","1,987","1,609",373,69,17,8,1,1
2021.3/4,서대문구,홍제3동,"7,076","2,809","1,756","1,306",928,215,47,12,2,0,1
2021.3/4,서대문구,홍제2동,"5,790","1,848","1,460","1,262",954,219,32,9,4,1,1
2021.3/4,서대문구,홍은1동,"9,662","3,294","2,363","1,955","1,565",373,85,20,5,1,1
2021.3/4,서대문구,홍은2동,"12,354","5,132","2,953","2,142","1,626",363,94,36,5,3,0
2021.3/4,서대문구,남가좌1동,"5,701","1,298","1,217","1,446","1,367",287,65,18,2,1,0
2021.3/4,서대문구,남가좌2동,"13,296","5,233","2,978","2,460","2,070",442,91,17,2,2,1
2021.3/4,서대문구,북가좌1동,"6,907","1,650","1,752","1,589","1,481",339,76,15,3,2,0
2021.3/4,서대문구,북가좌2동,"14,601","5,834","3,661","2,589","1,943",461,88,22,2,0,1
2021.3/4,서대문구,충현동,"10,297","5,207","2,063","1,452","1,199",297,61,15,1,1,1
2021.3/4,서대문구,북아현동,"7,265","2,830","1,634","1,487","1,082",188,34,9,0,1,0
2021.3/4,서대문구,신촌동,"13,926","10,837","1,568",798,535,134,36,7,6,1,4
2021.3/4,서대문구,연희동,"18,663","10,163","3,644","2,439","1,802",481,99,21,8,6,0
2021.3/4,마포구,용강동,"9,367","3,484","2,006","1,904","1,546",333,65,20,5,4,0
2021.3/4,마포구,대흥동,"8,632","5,509","1,448",833,676,138,21,4,0,1,2
2021.3/4,마포구,염리동,"7,661","3,335","1,506","1,362","1,194",219,30,11,2,1,1
2021.3/4,마포구,신수동,"9,982","3,872","2,178","1,922","1,603",316,67,16,7,1,0
2021.3/4,마포구,서교동,"15,444","10,175","2,624","1,394",966,203,62,10,7,1,2
2021.3/4,마포구,합정동,"9,526","5,259","2,037","1,236",784,157,33,15,2,1,2
2021.3/4,마포구,망원1동,"10,385","5,122","2,469","1,383","1,084",257,55,11,3,1,0
2021.3/4,마포구,망원2동,"8,487","3,369","2,086","1,451","1,245",266,55,11,3,1,0
2021.3/4,마포구,연남동,"8,717","5,212","1,726",945,612,178,28,9,3,4,0
2021.3/4,마포구,성산1동,"9,343","4,405","2,129","1,437","1,024",263,58,16,5,6,0
2021.3/4,마포구,성산2동,"18,980","8,731","4,006","3,020","2,532",555,106,18,10,1,1
2021.3/4,마포구,상암동,"12,624","4,445","2,533","2,397","2,448",651,110,27,10,2,1
2021.3/4,마포구,도화동,"9,325","3,524","2,103","1,815","1,443",344,71,19,1,3,2
2021.3/4,마포구,서강동,"12,154","5,842","2,352","1,981","1,583",307,60,21,7,0,1
2021.3/4,마포구,공덕동,"18,482","8,866","3,995","2,857","2,156",476,95,29,7,1,0
2021.3/4,마포구,아현동,"10,432","3,207","2,479","2,435","1,898",318,65,25,1,3,1
2021.3/4,양천구,목1동,"10,441","1,712","1,889","2,884","3,262",550,104,28,7,5,0
2021.3/4,양천구,목2동,"13,338","5,169","3,120","2,417","2,062",435,97,28,7,1,2
2021.3/4,양천구,목3동,"10,020","3,940","2,491","1,835","1,386",267,71,24,4,1,1
2021.3/4,양천구,목4동,"10,164","3,273","1,993","2,096","2,231",452,86,24,8,0,1
2021.3/4,양천구,신월1동,"10,230","4,696","2,497","1,669","1,065",252,42,7,1,1,0
2021.3/4,양천구,신월2동,"8,494","2,596","2,127","1,793","1,500",369,80,21,5,0,3
2021.3/4,양천구,신월3동,"7,927","4,055","1,780","1,091",722,224,43,6,2,1,3
2021.3/4,양천구,신월4동,"6,899","1,647","1,764","1,621","1,416",353,75,18,4,1,0
2021.3/4,양천구,신월5동,"6,481","2,418","1,562","1,234",957,239,58,11,1,0,1
2021.3/4,양천구,신월6동,"5,296","1,236","1,346","1,287","1,177",215,30,5,0,0,0
2021.3/4,양천구,신월7동,"9,232","3,421","2,693","1,698","1,124",229,50,12,5,0,0
2021.3/4,양천구,신정1동,"7,118","1,405","1,340","1,727","2,167",391,65,17,4,0,2
2021.3/4,양천구,신정2동,"7,019","1,589","1,386","1,551","2,019",408,51,7,5,2,1
2021.3/4,양천구,신정3동,"19,266","5,132","4,714","4,152","4,048","1,005",173,28,11,1,2
2021.3/4,양천구,신정6동,"8,285","1,188","1,638","2,330","2,609",420,75,12,8,4,1
2021.3/4,양천구,신정7동,"11,500","3,143","2,771","2,516","2,519",443,84,16,8,0,0
2021.3/4,양천구,목5동,"13,467","1,764","2,394","3,730","4,614",767,140,40,11,6,1
2021.3/4,양천구,신정4동,"16,104","7,444","3,725","2,524","1,845",449,86,20,7,2,2
2021.3/4,강서구,염창동,"16,301","4,637","3,288","3,815","3,793",646,97,22,3,0,0
2021.3/4,강서구,등촌1동,"13,541","7,841","2,551","1,643","1,214",234,44,11,2,1,0
2021.3/4,강서구,등촌2동,"8,670","2,943","2,151","1,756","1,366",346,79,25,2,2,0
2021.3/4,강서구,등촌3동,"15,079","6,563","3,972","2,398","1,747",323,61,10,3,2,0
2021.3/4,강서구,화곡본동,"17,205","8,261","3,928","2,589","1,881",435,76,21,10,3,1
2021.3/4,강서구,화곡2동,"8,197","3,171","2,117","1,520","1,040",289,45,11,4,0,0
2021.3/4,강서구,화곡3동,"9,517","3,582","2,318","1,778","1,384",344,94,12,3,2,0
2021.3/4,강서구,화곡4동,"9,744","3,986","2,546","1,714","1,158",264,60,13,2,0,1
2021.3/4,강서구,화곡6동,"12,442","6,184","2,590","1,860","1,406",304,72,17,4,3,2
2021.3/4,강서구,화곡8동,"11,761","4,915","3,129","2,019","1,295",322,63,15,2,1,0
2021.3/4,강서구,가양1동,"20,400","13,484","2,839","2,028","1,592",357,78,14,4,3,1
2021.3/4,강서구,가양2동,"8,083","4,443","2,076",933,482,110,24,12,1,1,1
2021.3/4,강서구,가양3동,"7,911","3,575","2,362","1,236",568,141,21,7,1,0,0
2021.3/4,강서구,발산1동,"13,330","2,968","3,130","3,018","3,282",770,128,26,6,2,0
2021.3/4,강서구,공항동,"14,095","5,898","3,091","2,443","2,007",526,104,21,4,1,0
2021.3/4,강서구,방화1동,"17,302","5,209","4,049","3,598","3,410",844,151,34,4,1,2
2021.3/4,강서구,방화2동,"11,923","5,907","2,755","1,718","1,153",295,74,15,2,1,3
2021.3/4,강서구,방화3동,"11,264","5,028","2,891","1,772","1,211",264,76,18,2,2,0
2021.3/4,강서구,화곡1동,"27,515","14,112","6,370","3,967","2,351",548,114,35,13,3,2
2021.3/4,강서구,우장산동,"16,109","4,041","3,415","3,665","4,017",784,141,27,16,1,2
2021.3/4,구로구,신도림동,"13,469","3,166","3,162","3,286","3,122",560,131,30,7,5,0
2021.3/4,구로구,구로1동,"8,331","2,370","2,015","1,815","1,722",334,59,12,3,1,0
2021.3/4,구로구,구로3동,"13,289","7,921","2,372","1,540","1,111",272,52,16,4,1,0
2021.3/4,구로구,구로4동,"10,649","5,505","2,540","1,466",907,183,33,10,4,1,0
2021.3/4,구로구,구로5동,"15,033","7,703","3,117","2,157","1,588",363,81,19,4,1,0
2021.3/4,구로구,고척1동,"9,477","3,159","2,320","1,848","1,700",360,76,10,3,1,0
2021.3/4,구로구,고척2동,"11,519","3,989","2,862","2,239","1,915",404,100,8,2,0,0
2021.3/4,구로구,개봉2동,"12,569","3,401","3,552","2,794","2,169",485,124,34,8,1,1
2021.3/4,구로구,개봉3동,"8,792","2,867","2,479","1,796","1,294",288,54,9,4,1,0
2021.3/4,구로구,오류1동,"12,127","6,483","2,588","1,622","1,093",263,56,12,6,2,2
2021.3/4,구로구,수궁동,"10,031","3,174","2,774","2,066","1,509",392,99,10,5,2,0
2021.3/4,구로구,가리봉동,"5,923","4,203",974,436,245,51,8,5,0,0,1
2021.3/4,구로구,구로2동,"12,628","6,484","2,956","1,750","1,069",279,59,25,2,3,1
2021.3/4,구로구,개봉1동,"14,941","5,356","3,900","2,867","2,175",504,99,32,5,2,1
2021.3/4,구로구,오류2동,"15,503","4,642","4,074","3,003","2,785",792,162,31,6,3,5
2021.3/4,구로구,항동,"6,143","1,497","1,339","1,556","1,379",304,51,13,3,1,0
2021.3/4,금천구,가산동,"16,536","12,550","2,112","1,070",623,143,33,3,1,0,1
2021.3/4,금천구,독산1동,"22,754","11,826","4,539","3,145","2,511",579,113,27,9,3,2
2021.3/4,금천구,독산2동,"9,519","4,487","2,346","1,441",981,216,38,5,5,0,0
2021.3/4,금천구,독산3동,"12,633","6,315","3,006","1,804","1,173",269,50,11,3,2,0
2021.3/4,금천구,독산4동,"7,678","3,650","1,825","1,162",789,204,38,6,1,3,0
2021.3/4,금천구,시흥1동,"16,004","7,231","3,808","2,530","1,907",425,77,21,3,1,1
2021.3/4,금천구,시흥2동,"8,263","2,108","2,207","1,786","1,607",414,100,28,10,2,1
2021.3/4,금천구,시흥3동,"4,697","1,531","1,346",943,648,188,28,7,5,0,1
2021.3/4,금천구,시흥4동,"9,104","3,349","2,415","1,705","1,249",292,69,17,7,1,0
2021.3/4,금천구,시흥5동,"9,357","4,108","2,397","1,519",992,266,55,14,1,3,2
2021.3/4,영등포구,여의동,"13,422","4,110","3,122","2,946","2,518",527,145,32,11,7,4
2021.3/4,영등포구,당산1동,"10,765","5,700","2,294","1,451","1,014",235,51,14,2,1,3
2021.3/4,영등포구,당산2동,"18,749","9,599","3,361","2,838","2,333",459,120,28,10,0,1
2021.3/4,영등포구,양평1동,"9,583","5,044","2,055","1,334",897,193,40,12,7,1,0
2021.3/4,영등포구,양평2동,"10,643","4,738","2,341","1,763","1,439",283,66,11,1,0,1
2021.3/4,영등포구,신길1동,"10,497","6,713","1,899","1,016",680,154,29,6,0,0,0
2021.3/4,영등포구,신길3동,"7,636","3,091","1,792","1,410","1,063",235,34,8,2,1,0
2021.3/4,영등포구,신길4동,"5,712","2,343","1,350","1,038",791,159,24,7,0,0,0
2021.3/4,영등포구,신길5동,"4,836","1,957","1,175",859,647,165,21,7,1,0,4
2021.3/4,영등포구,신길6동,"9,113","4,118","1,999","1,469","1,185",269,47,16,6,0,4
2021.3/4,영등포구,신길7동,"7,859","2,251","1,801","1,684","1,681",362,55,16,6,3,0
2021.3/4,영등포구,대림1동,"7,123","3,228","1,729","1,091",853,170,36,13,2,0,1
2021.3/4,영등포구,대림2동,"6,932","4,013","1,528",798,438,115,27,10,2,1,0
2021.3/4,영등포구,대림3동,"10,404","4,216","2,608","1,837","1,342",314,60,23,2,1,1
2021.3/4,영등포구,영등포본동,"10,344","4,887","2,170","1,645","1,309",273,46,9,2,1,2
2021.3/4,영등포구,영등포동,"20,220","15,209","2,474","1,368",942,184,35,4,1,1,2
2021.3/4,영등포구,도림동,"9,337","4,764","2,145","1,294",876,201,41,10,5,1,0
2021.3/4,영등포구,문래동,"13,185","3,903","3,110","2,888","2,604",536,111,23,5,3,2
2021.3/4,동작구,노량진2동,"7,417","4,862","1,363",691,380,92,25,2,2,0,0
2021.3/4,동작구,상도1동,"21,477","10,217","4,173","3,517","2,844",581,101,30,9,2,3
2021.3/4,동작구,상도2동,"12,782","5,059","2,788","2,340","2,106",380,84,19,4,1,1
2021.3/4,동작구,상도3동,"12,010","5,569","2,721","1,904","1,404",303,77,24,3,2,3
2021.3/4,동작구,상도4동,"14,059","6,503","3,176","2,253","1,663",373,74,15,0,0,2
2021.3/4,동작구,사당1동,"13,438","8,106","2,659","1,467",953,194,45,8,5,1,0
2021.3/4,동작구,사당3동,"10,521","3,704","2,504","2,121","1,713",348,91,29,5,5,1
2021.3/4,동작구,사당4동,"7,162","3,445","1,646","1,074",790,162,29,11,4,0,1
2021.3/4,동작구,사당5동,"6,606","2,574","1,615","1,270",908,197,33,7,0,0,2
2021.3/4,동작구,대방동,"17,255","7,372","3,372","2,899","2,839",607,121,36,3,3,3
2021.3/4,동작구,신대방1동,"10,215","4,086","2,110","1,764","1,765",392,75,16,5,1,1
2021.3/4,동작구,신대방2동,"9,510","4,561","1,834","1,397","1,283",336,72,20,7,0,0
2021.3/4,동작구,흑석동,"14,057","5,477","3,134","2,672","2,189",461,98,21,4,1,0
2021.3/4,동작구,노량진1동,"16,162","8,070","3,365","2,364","1,823",432,79,21,6,1,1
2021.3/4,동작구,사당2동,"12,154","4,327","3,106","2,424","1,760",416,96,15,6,4,0
2021.3/4,관악구,보라매동,"12,851","6,744","2,773","1,718","1,250",286,62,12,2,3,1
2021.3/4,관악구,청림동,"6,465","2,090","1,655","1,409","1,045",199,49,9,8,0,1
2021.3/4,관악구,행운동,"17,549","11,361","2,936","1,703","1,174",293,68,10,4,0,0
2021.3/4,관악구,낙성대동,"11,269","8,158","1,575",765,574,147,38,9,1,0,2
2021.3/4,관악구,중앙동,"9,822","6,784","1,581",745,562,118,23,7,0,1,1
2021.3/4,관악구,인헌동,"14,365","8,295","2,744","1,694","1,261",287,59,21,3,0,1
2021.3/4,관악구,남현동,"9,656","5,232","1,947","1,295",902,198,62,12,4,2,2
2021.3/4,관악구,서원동,"14,277","9,499","2,512","1,273",748,185,47,10,3,0,0
2021.3/4,관악구,신원동,"10,929","6,914","2,081","1,070",682,135,40,3,1,2,1
2021.3/4,관악구,서림동,"14,391","9,622","2,315","1,277",901,205,47,18,3,1,2
2021.3/4,관악구,신사동,"13,913","9,136","2,310","1,317",913,186,41,8,2,0,0
2021.3/4,관악구,신림동,"17,751","14,885","1,871",579,324,70,16,3,2,0,1
2021.3/4,관악구,난향동,"6,274","1,930","1,581","1,251","1,149",280,62,16,2,1,2
2021.3/4,관악구,조원동,"10,656","7,012","1,818",943,684,160,28,9,1,1,0
2021.3/4,관악구,대학동,"16,322","12,320","1,939","1,105",741,168,41,7,1,0,0
2021.3/4,관악구,은천동,"16,039","7,381","3,536","2,452","2,043",475,120,24,7,1,0
2021.3/4,관악구,성현동,"12,376","4,128","3,000","2,462","2,197",475,82,21,6,4,1
2021.3/4,관악구,청룡동,"23,173","16,516","3,236","1,760","1,282",296,62,13,7,1,0
2021.3/4,관악구,난곡동,"13,101","5,805","3,250","2,116","1,489",346,69,20,5,1,0
2021.3/4,관악구,삼성동,"10,707","4,553","2,715","1,757","1,270",328,64,15,2,1,2
2021.3/4,관악구,미성동,"14,296","6,012","3,380","2,444","1,854",485,91,24,5,0,1
2021.3/4,서초구,서초1동,"9,409","4,142","1,850","1,567","1,358",349,110,27,4,0,2
2021.3/4,서초구,서초2동,"11,137","4,389","2,189","2,064","1,965",407,88,22,9,3,1
2021.3/4,서초구,서초3동,"15,245","7,046","2,995","2,379","2,116",508,136,41,16,6,2
2021.3/4,서초구,서초4동,"10,900","2,377","1,987","2,608","3,173",598,106,33,12,5,1
2021.3/4,서초구,잠원동,"10,764","3,609","1,930","2,325","2,319",443,98,27,10,1,2
2021.3/4,서초구,반포본동,"2,122",497,464,506,521,109,22,3,0,0,0
2021.3/4,서초구,반포1동,"14,960","6,432","2,407","2,551","2,787",611,126,26,13,6,1
2021.3/4,서초구,반포2동,"5,009",642,897,"1,285","1,646",424,84,17,7,5,2
2021.3/4,서초구,반포3동,"7,728","1,375","1,620","2,073","2,116",438,69,28,7,1,1
2021.3/4,서초구,반포4동,"7,181","1,816","1,547","1,787","1,522",378,101,18,8,2,2
2021.3/4,서초구,방배본동,"7,982","2,262","1,659","1,708","1,810",392,114,27,6,3,1
2021.3/4,서초구,방배1동,"7,562","2,944","1,799","1,329","1,152",252,62,14,6,2,2
2021.3/4,서초구,방배2동,"8,479","3,023","2,158","1,554","1,355",295,64,22,4,2,2
2021.3/4,서초구,방배3동,"7,195","1,796","1,719","1,694","1,537",331,81,28,5,3,1
2021.3/4,서초구,방배4동,"9,756","3,431","2,098","1,785","1,877",428,104,24,7,1,1
2021.3/4,서초구,양재1동,"17,945","6,164","4,127","3,398","3,002",952,220,61,15,4,2
2021.3/4,서초구,양재2동,"10,828","5,263","2,245","1,574","1,306",332,76,21,8,2,1
2021.3/4,서초구,내곡동,"7,295","2,260","1,905","1,510","1,197",311,77,19,11,3,2
2021.3/4,강남구,신사동,"7,067","2,765","1,567","1,251","1,130",254,71,19,5,4,1
2021.3/4,강남구,논현1동,"14,215","9,652","2,416","1,129",715,201,70,21,8,1,2
2021.3/4,강남구,논현2동,"11,474","6,453","2,124","1,482","1,098",231,66,15,5,0,0
2021.3/4,강남구,삼성1동,"5,530","2,059","1,207","1,014",898,260,62,19,6,3,2
2021.3/4,강남구,삼성2동,"13,227","5,745","2,319","2,291","2,276",447,105,30,10,1,3
2021.3/4,강남구,대치1동,"7,269",572,"1,034","1,984","2,944",588,111,23,5,7,1
2021.3/4,강남구,대치4동,"10,329","5,686","1,703","1,311","1,254",281,77,16,0,1,0
2021.3/4,강남구,역삼1동,"24,192","17,730","3,453","1,597","1,037",270,76,20,4,4,1
2021.3/4,강남구,역삼2동,"15,510","6,572","2,287","2,827","3,112",545,117,33,10,5,2
2021.3/4,강남구,도곡1동,"8,550","2,722","1,649","1,841","1,862",355,87,20,11,3,0
2021.3/4,강남구,도곡2동,"11,707","2,212","2,464","2,983","3,228",650,130,35,2,1,2
2021.3/4,강남구,개포1동,"2,552",749,632,499,512,125,22,9,2,2,0
2021.3/4,강남구,개포4동,"10,016","3,482","2,269","1,999","1,806",358,71,20,5,4,2
2021.3/4,강남구,일원본동,"8,080","1,480","1,670","2,009","2,410",417,74,15,4,0,1
2021.3/4,강남구,일원1동,"7,410","3,304","1,836","1,170",821,221,46,10,2,0,0
2021.3/4,강남구,일원2동,"7,479","2,428","1,855","1,597","1,327",229,34,8,0,1,0
2021.3/4,강남구,수서동,"7,800","3,628","2,304","1,091",602,132,32,6,5,0,0
2021.3/4,강남구,세곡동,"17,891","6,141","4,053","3,252","3,155",997,217,58,12,6,0
2021.3/4,강남구,압구정동,"10,336","2,850","2,473","2,322","2,030",477,140,30,9,3,2
2021.3/4,강남구,청담동,"11,416","4,542","2,356","2,098","1,832",433,100,37,12,3,3
2021.3/4,강남구,대치2동,"12,812","2,747","2,392","3,123","3,696",685,130,28,6,4,1
2021.3/4,강남구,개포2동,"9,356","1,635","2,076","2,393","2,576",541,103,24,7,1,0
2021.3/4,송파구,풍납1동,"6,048","2,430","1,525","1,050",847,140,43,11,1,1,0
2021.3/4,송파구,풍납2동,"11,035","4,270","2,374","2,161","1,780",328,94,22,6,0,0
2021.3/4,송파구,거여1동,"5,655","2,137","1,405","1,039",839,183,43,7,1,1,0
2021.3/4,송파구,거여2동,"8,169","2,791","2,153","1,657","1,227",278,52,7,2,0,2
2021.3/4,송파구,마천1동,"8,805","3,622","2,142","1,508","1,127",322,69,12,3,0,0
2021.3/4,송파구,마천2동,"8,727","3,509","2,243","1,497","1,115",275,71,10,5,0,2
2021.3/4,송파구,방이1동,"6,267","1,951","1,300","1,308","1,336",276,76,17,2,1,0
2021.3/4,송파구,방이2동,"15,297","9,135","2,901","1,739","1,175",268,64,11,1,2,1
2021.3/4,송파구,오륜동,"5,922",690,"1,281","1,602","1,873",382,59,28,5,0,2
2021.3/4,송파구,오금동,"15,688","4,693","3,760","3,484","2,909",653,156,24,5,3,1
2021.3/4,송파구,송파1동,"12,276","6,142","2,704","1,759","1,261",304,81,14,7,2,2
2021.3/4,송파구,송파2동,"7,235","1,767","1,629","1,715","1,670",368,63,13,9,1,0
2021.3/4,송파구,석촌동,"16,929","9,009","3,622","2,260","1,610",317,88,12,8,3,0
2021.3/4,송파구,삼전동,"16,121","8,497","3,436","2,181","1,538",366,74,19,6,3,1
2021.3/4,송파구,가락본동,"11,883","4,775","2,638","2,184","1,742",422,91,23,4,2,2
2021.3/4,송파구,가락1동,"9,809","1,696","2,501","2,588","2,441",459,95,21,2,1,5
2021.3/4,송파구,가락2동,"12,441","3,255","2,730","2,915","2,875",523,109,25,5,2,2
2021.3/4,송파구,문정1동,"8,503","2,954","1,945","1,658","1,519",336,70,12,6,0,3
2021.3/4,송파구,문정2동,"15,699","8,993","2,802","1,883","1,582",321,83,22,11,1,1
2021.3/4,송파구,잠실본동,"15,462","8,774","2,989","1,962","1,353",287,70,21,4,1,1
2021.3/4,송파구,잠실4동,"7,263","1,131","1,515","2,062","2,044",399,81,19,10,2,0
2021.3/4,송파구,잠실6동,"5,878",984,"1,410","1,576","1,452",348,74,27,2,2,3
2021.3/4,송파구,잠실7동,"3,394",530,920,872,838,178,45,6,5,0,0
2021.3/4,송파구,잠실2동,"11,620","1,720","2,013","3,098","3,978",661,126,14,8,1,1
2021.3/4,송파구,잠실3동,"11,939","1,829","2,815","3,192","3,337",604,123,25,10,2,2
2021.3/4,송파구,장지동,"12,022","3,584","3,008","2,693","2,131",487,99,17,3,0,0
2021.3/4,송파구,위례동,"11,931","1,636","2,265","3,066","3,695","1,039",185,32,9,3,1
2021.3/4,강동구,명일1동,"10,111","2,602","2,501","2,409","2,090",419,65,13,8,1,3
2021.3/4,강동구,명일2동,"6,441","1,650","1,251","1,397","1,707",341,61,24,8,1,1
2021.3/4,강동구,고덕1동,"8,523","1,570","1,600","2,197","2,575",472,82,16,10,0,1
2021.3/4,강동구,고덕2동,"8,839","2,360","2,181","2,074","1,843",302,53,20,3,1,2
2021.3/4,강동구,암사2동,"6,320","1,941","1,606","1,387","1,128",211,33,8,2,2,2
2021.3/4,강동구,암사3동,"6,277","1,125","1,458","1,577","1,659",351,69,21,9,4,4
2021.3/4,강동구,천호1동,"12,894","5,571","3,182","2,184","1,509",346,80,13,6,0,3
2021.3/4,강동구,천호3동,"14,090","7,481","3,054","1,935","1,254",279,67,13,6,1,0
2021.3/4,강동구,성내1동,"8,400","2,707","2,039","1,806","1,465",299,60,21,1,2,0
2021.3/4,강동구,성내2동,"12,834","6,841","2,820","1,830","1,034",234,50,18,7,0,0
2021.3/4,강동구,성내3동,"10,699","4,361","2,545","1,869","1,514",327,63,16,3,1,0
2021.3/4,강동구,둔촌1동,82,58,7,8,7,2,0,0,0,0,0
2021.3/4,강동구,둔촌2동,"10,541","3,581","2,552","2,119","1,876",347,57,6,2,0,1
2021.3/4,강동구,암사1동,"15,896","6,405","3,792","2,899","2,238",443,84,25,7,3,0
2021.3/4,강동구,천호2동,"17,489","8,926","3,978","2,471","1,646",361,80,16,8,3,0
2021.3/4,강동구,길동,"21,732","9,569","4,946","3,689","2,711",627,136,40,9,4,1
2021.3/4,강동구,강일동,"12,690","3,258","3,393","2,745","2,421",733,111,23,3,2,1
2021.3/4,강동구,상일1동,"13,486","2,233","2,943","3,566","3,841",745,125,20,8,1,4
2021.3/4,강동구,상일2동,"3,861","1,152",842,710,788,292,65,11,1,0,0
